{"kind": "youtube#videoCategory","id": "1", "title": "Film & Animation", "assignable": true}
{"kind": "youtube#videoCategory","id": "2", "title": "Autos & Vehicles", "assignable": true}
{"kind": "youtube#videoCategory","id": "10", "title": "Music", "assignable": true}
{"kind": "youtube#videoCategory","id": "15", "title": "Pets & Animals", "assignable": true}
{"kind": "youtube#videoCategory","id": "17", "title": "Sports", "assignable": true}
{"kind": "youtube#videoCategory","id": "18", "title": "Short Movies", "assignable": true}
{"kind": "youtube#videoCategory","id": "19", "title": "Travel & Events", "assignable": true}
{"kind": "youtube#videoCategory","id": "20", "title": "Gaming", "assignable": true}
{"kind": "youtube#videoCategory","id": "21", "title": "Videoblogging", "assignable": true}
{"kind": "youtube#videoCategory","id": "22", "title": "People & Blogs", "assignable": true}
{"kind": "youtube#videoCategory","id": "23", "title": "Comedy", "assignable": true}
{"kind": "youtube#videoCategory","id": "24", "title": "Entertainment", "assignable": true}
{"kind": "youtube#videoCategory","id": "25", "title": "News & Politics", "assignable": true}
{"kind": "youtube#videoCategory","id": "26", "title": "Howto & Style", "assignable": true}
{"kind": "youtube#videoCategory","id": "27", "title": "Education", "assignable": true}
{"kind": "youtube#videoCategory","id": "28", "title": "Science & Technology", "assignable": true}
{"kind": "youtube#videoCategory","id": "29", "title": "Nonprofits & Activism", "assignable": true}
{"kind": "youtube#videoCategory","id": "30", "title": "Movies", "assignable": true}
{"kind": "youtube#videoCategory","id": "31", "title": "Anime/Animation", "assignable": true}
{"kind": "youtube#videoCategory","id": "32", "title": "Action/Adventure", "assignable": true}
{"kind": "youtube#videoCategory","id": "33", "title": "Classics", "assignable": true}
{"kind": "youtube#videoCategory","id": "34", "title": "Comedy", "assignable": true}
{"kind": "youtube#videoCategory","id": "35", "title": "Documentary", "assignable": true}
{"kind": "youtube#videoCategory","id": "36", "title": "Drama", "assignable": true}
{"kind": "youtube#videoCategory","id": "37", "title": "Family", "assignable": true}
{"kind": "youtube#videoCategory","id": "38", "title": "Foreign", "assignable": true}
{"kind": "youtube#videoCategory","id": "39", "title": "Horror", "assignable": true}
{"kind": "youtube#videoCategory","id": "40", "title": "Sci-Fi/Fantasy", "assignable": true}
{"kind": "youtube#videoCategory","id": "41", "title": "Thriller", "assignable": true}
{"kind": "youtube#videoCategory","id": "42", "title": "Shorts", "assignable": true}
{"kind": "youtube#videoCategory","id": "43", "title": "Shows", "assignable": true}
{"kind": "youtube#videoCategory","id": "44", "title": "Trailers", "assignable": true}